{"cameraMode":{"drawMode":0,"name":"Shaded","section":"Shading Mode"},"sceneLighting":true,"audioPlay":false,"sceneViewState":{"m_AlwaysRefresh":false,"showFog":true,"showSkybox":true,"showFlares":true,"showImageEffects":true,"showParticleSystems":true,"showVisualEffectGraphs":true,"m_FxEnabled":true},"in2DMode":false,"pivot":{"x":-0.6651495099067688,"y":-22.012971878051759,"z":8.541280746459961},"rotation":{"x":-0.6637078523635864,"y":0.026234248653054239,"z":-0.023304162546992303,"w":-0.7471720576286316},"size":40.23239517211914,"orthographic":false}